Source,Target,Weight
città,giornata,2
città,cupola,1
città,statua,2
bronzo,città,1
città,lastricato,1
città,teatro,1
città,oro,1
città,mattina,1
città,torre,2
bellezza,città,2
città,vedere,3
altro,città,2
città,sera,2
città,settembre,1
città,multicolore,1
città,porta,2
città,friggitorio,1
città,terrazza,1
città,voce,2
città,donna,2
città,ora,1
città,uguale,3
città,felice,1
cupola,giornata,1
giornata,statua,1
bronzo,giornata,1
giornata,lastricato,1
giornata,teatro,1
giornata,oro,1
giornata,mattina,1
giornata,torre,1
bellezza,giornata,1
giornata,vedere,1
altro,giornata,1
giornata,sera,2
giornata,settembre,1
giornata,multicolore,1
giornata,porta,1
friggitorio,giornata,1
giornata,terrazza,1
giornata,voce,1
donna,giornata,1
giornata,ora,1
giornata,uguale,1
felice,giornata,1
cupola,statua,1
bronzo,cupola,1
cupola,lastricato,1
cupola,teatro,1
cupola,oro,1
cupola,mattina,1
cupola,torre,1
bellezza,cupola,1
cupola,vedere,1
altro,cupola,1
cupola,sera,1
cupola,settembre,1
cupola,multicolore,1
cupola,porta,1
cupola,friggitorio,1
cupola,terrazza,1
cupola,voce,1
cupola,donna,1
cupola,ora,1
cupola,uguale,1
cupola,felice,1
bronzo,statua,1
lastricato,statua,1
statua,teatro,1
oro,statua,1
mattina,statua,1
statua,torre,2
bellezza,statua,2
statua,vedere,2
altro,statua,1
sera,statua,1
settembre,statua,1
multicolore,statua,1
porta,statua,2
friggitorio,statua,1
statua,terrazza,1
statua,voce,1
donna,statua,1
ora,statua,1
statua,uguale,2
felice,statua,1
bronzo,lastricato,1
bronzo,teatro,1
bronzo,oro,1
bronzo,mattina,1
bronzo,torre,1
bellezza,bronzo,1
bronzo,vedere,1
altro,bronzo,1
bronzo,sera,1
bronzo,settembre,1
bronzo,multicolore,1
bronzo,porta,1
bronzo,friggitorio,1
bronzo,terrazza,1
bronzo,voce,1
bronzo,donna,1
bronzo,ora,1
bronzo,uguale,1
bronzo,felice,1
lastricato,teatro,1
lastricato,oro,1
lastricato,mattina,1
lastricato,torre,1
bellezza,lastricato,1
lastricato,vedere,1
altro,lastricato,1
lastricato,sera,1
lastricato,settembre,1
lastricato,multicolore,1
lastricato,porta,1
friggitorio,lastricato,1
lastricato,terrazza,1
lastricato,voce,1
donna,lastricato,1
lastricato,ora,1
lastricato,uguale,1
felice,lastricato,1
oro,teatro,1
mattina,teatro,1
teatro,torre,1
bellezza,teatro,1
teatro,vedere,1
altro,teatro,1
sera,teatro,1
settembre,teatro,1
multicolore,teatro,1
porta,teatro,1
friggitorio,teatro,1
teatro,terrazza,1
teatro,voce,1
donna,teatro,1
ora,teatro,1
teatro,uguale,1
felice,teatro,1
mattina,oro,1
oro,torre,1
bellezza,oro,1
oro,vedere,1
altro,oro,1
oro,sera,1
oro,settembre,1
multicolore,oro,1
oro,porta,1
friggitorio,oro,1
oro,terrazza,1
oro,voce,1
donna,oro,1
ora,oro,1
oro,uguale,1
felice,oro,1
mattina,torre,1
bellezza,mattina,1
mattina,vedere,1
altro,mattina,1
mattina,sera,1
mattina,settembre,1
mattina,multicolore,1
mattina,porta,1
friggitorio,mattina,1
mattina,terrazza,1
mattina,voce,1
donna,mattina,1
mattina,ora,1
mattina,uguale,1
felice,mattina,1
bellezza,torre,2
torre,vedere,2
altro,torre,1
sera,torre,1
settembre,torre,1
multicolore,torre,1
porta,torre,2
friggitorio,torre,1
terrazza,torre,1
torre,voce,1
donna,torre,1
ora,torre,1
torre,uguale,2
felice,torre,1
bellezza,vedere,2
altro,bellezza,1
bellezza,sera,1
bellezza,settembre,1
bellezza,multicolore,1
bellezza,porta,2
bellezza,friggitorio,1
bellezza,terrazza,1
bellezza,voce,1
bellezza,donna,1
bellezza,ora,1
bellezza,uguale,2
bellezza,felice,1
altro,vedere,2
sera,vedere,1
settembre,vedere,1
multicolore,vedere,1
porta,vedere,2
friggitorio,vedere,1
terrazza,vedere,1
vedere,voce,2
donna,vedere,1
ora,vedere,1
uguale,vedere,3
felice,vedere,1
altro,sera,1
altro,settembre,1
altro,multicolore,1
altro,porta,1
altro,friggitorio,1
altro,terrazza,1
altro,voce,2
altro,donna,1
altro,ora,1
altro,uguale,2
altro,felice,1
sera,settembre,1
multicolore,sera,1
porta,sera,1
friggitorio,sera,1
sera,terrazza,1
sera,voce,1
donna,sera,1
ora,sera,1
sera,uguale,1
felice,sera,1
multicolore,settembre,1
porta,settembre,1
friggitorio,settembre,1
settembre,terrazza,1
settembre,voce,1
donna,settembre,1
ora,settembre,1
settembre,uguale,1
felice,settembre,1
multicolore,porta,1
friggitorio,multicolore,1
multicolore,terrazza,1
multicolore,voce,1
donna,multicolore,1
multicolore,ora,1
multicolore,uguale,1
felice,multicolore,1
friggitorio,porta,1
porta,terrazza,1
porta,voce,1
donna,porta,1
ora,porta,1
porta,uguale,2
felice,porta,1
friggitorio,terrazza,1
friggitorio,voce,1
donna,friggitorio,1
friggitorio,ora,1
friggitorio,uguale,1
felice,friggitorio,1
terrazza,voce,1
donna,terrazza,1
ora,terrazza,1
terrazza,uguale,1
felice,terrazza,1
donna,voce,1
ora,voce,1
uguale,voce,2
felice,voce,1
donna,ora,1
donna,uguale,1
donna,felice,1
ora,uguale,1
felice,ora,1
felice,uguale,1
città,stesso,6
città,tempo,1
città,vecchio,4
città,illustrare,1
città,prima,2
città,identico,1
città,piazza,2
città,posto,4
chiosco,città,1
cavalcavia,città,1
bianco,città,1
città,fabbrica,1
città,presente,1
città,preciso,1
città,metropoli,2
città,provinciale,2
certo,città,1
città,grazia,1
città,perduto,1
città,diverso,1
città,incomunicabile,1
città,faccia,1
città,luogo,1
città,estraneo,1
città,vano,1
città,migliore,1
città,peggiore,1
città,rapporto,1
stesso,tempo,1
stesso,vecchio,4
illustrare,stesso,1
prima,stesso,2
identico,stesso,1
piazza,stesso,1
posto,stesso,4
chiosco,stesso,1
cavalcavia,stesso,1
bianco,stesso,1
fabbrica,stesso,1
presente,stesso,1
preciso,stesso,1
metropoli,stesso,2
provinciale,stesso,2
certo,stesso,1
grazia,stesso,1
perduto,stesso,1
stesso,vedere,2
diverso,stesso,1
incomunicabile,stesso,1
stesso,uguale,2
stesso,voce,1
faccia,stesso,1
luogo,stesso,1
estraneo,stesso,1
stesso,vano,1
migliore,stesso,1
peggiore,stesso,1
rapporto,stesso,1
altro,stesso,1
tempo,vecchio,1
illustrare,tempo,1
prima,tempo,1
identico,tempo,1
piazza,tempo,1
posto,tempo,1
chiosco,tempo,1
cavalcavia,tempo,1
bianco,tempo,1
fabbrica,tempo,1
presente,tempo,1
preciso,tempo,1
metropoli,tempo,1
provinciale,tempo,1
certo,tempo,1
grazia,tempo,1
perduto,tempo,1
tempo,vedere,1
diverso,tempo,1
incomunicabile,tempo,1
tempo,uguale,1
tempo,voce,1
faccia,tempo,1
luogo,tempo,1
estraneo,tempo,1
tempo,vano,1
migliore,tempo,1
peggiore,tempo,1
rapporto,tempo,1
altro,tempo,1
illustrare,vecchio,1
prima,vecchio,2
identico,vecchio,1
piazza,vecchio,1
posto,vecchio,4
chiosco,vecchio,1
cavalcavia,vecchio,1
bianco,vecchio,1
fabbrica,vecchio,1
presente,vecchio,1
preciso,vecchio,1
metropoli,vecchio,2
provinciale,vecchio,2
certo,vecchio,1
grazia,vecchio,1
perduto,vecchio,1
vecchio,vedere,1
diverso,vecchio,1
incomunicabile,vecchio,1
uguale,vecchio,1
vecchio,voce,1
faccia,vecchio,1
luogo,vecchio,1
estraneo,vecchio,1
vano,vecchio,1
migliore,vecchio,1
peggiore,vecchio,1
rapporto,vecchio,1
altro,vecchio,1
illustrare,prima,1
identico,illustrare,1
illustrare,piazza,1
illustrare,posto,1
chiosco,illustrare,1
cavalcavia,illustrare,1
bianco,illustrare,1
fabbrica,illustrare,1
illustrare,presente,1
illustrare,preciso,1
illustrare,metropoli,1
illustrare,provinciale,1
certo,illustrare,1
grazia,illustrare,1
illustrare,perduto,1
illustrare,vedere,1
diverso,illustrare,1
illustrare,incomunicabile,1
illustrare,uguale,1
illustrare,voce,1
faccia,illustrare,1
illustrare,luogo,1
estraneo,illustrare,1
illustrare,vano,1
illustrare,migliore,1
illustrare,peggiore,1
illustrare,rapporto,1
altro,illustrare,1
identico,prima,1
piazza,prima,1
posto,prima,2
chiosco,prima,1
cavalcavia,prima,1
bianco,prima,1
fabbrica,prima,1
presente,prima,1
preciso,prima,1
metropoli,prima,2
prima,provinciale,2
certo,prima,1
grazia,prima,1
perduto,prima,1
prima,vedere,1
diverso,prima,1
incomunicabile,prima,1
prima,uguale,1
prima,voce,1
faccia,prima,1
luogo,prima,1
estraneo,prima,1
prima,vano,1
migliore,prima,1
peggiore,prima,1
prima,rapporto,1
altro,prima,1
identico,piazza,1
identico,posto,1
chiosco,identico,1
cavalcavia,identico,1
bianco,identico,1
fabbrica,identico,1
identico,presente,1
identico,preciso,1
identico,metropoli,1
identico,provinciale,1
certo,identico,1
grazia,identico,1
identico,perduto,1
identico,vedere,1
diverso,identico,1
identico,incomunicabile,1
identico,uguale,1
identico,voce,1
faccia,identico,1
identico,luogo,1
estraneo,identico,1
identico,vano,1
identico,migliore,1
identico,peggiore,1
identico,rapporto,1
altro,identico,1
piazza,posto,1
chiosco,piazza,1
cavalcavia,piazza,1
bianco,piazza,1
fabbrica,piazza,1
piazza,presente,1
piazza,preciso,1
metropoli,piazza,1
piazza,provinciale,1
certo,piazza,1
grazia,piazza,1
perduto,piazza,1
piazza,vedere,1
diverso,piazza,1
incomunicabile,piazza,1
piazza,uguale,1
piazza,voce,1
faccia,piazza,1
luogo,piazza,1
estraneo,piazza,1
piazza,vano,1
migliore,piazza,1
peggiore,piazza,1
piazza,rapporto,1
altro,piazza,1
chiosco,posto,1
cavalcavia,posto,1
bianco,posto,1
fabbrica,posto,1
posto,presente,1
posto,preciso,1
metropoli,posto,2
posto,provinciale,2
certo,posto,1
grazia,posto,1
perduto,posto,1
posto,vedere,1
diverso,posto,1
incomunicabile,posto,1
posto,uguale,1
posto,voce,1
faccia,posto,1
luogo,posto,1
estraneo,posto,1
posto,vano,1
migliore,posto,1
peggiore,posto,1
posto,rapporto,1
altro,posto,1
cavalcavia,chiosco,1
bianco,chiosco,1
chiosco,fabbrica,1
chiosco,presente,1
chiosco,preciso,1
chiosco,metropoli,1
chiosco,provinciale,1
certo,chiosco,1
chiosco,grazia,1
chiosco,perduto,1
chiosco,vedere,1
chiosco,diverso,1
chiosco,incomunicabile,1
chiosco,uguale,1
chiosco,voce,1
chiosco,faccia,1
chiosco,luogo,1
chiosco,estraneo,1
chiosco,vano,1
chiosco,migliore,1
chiosco,peggiore,1
chiosco,rapporto,1
altro,chiosco,1
bianco,cavalcavia,1
cavalcavia,fabbrica,1
cavalcavia,presente,1
cavalcavia,preciso,1
cavalcavia,metropoli,1
cavalcavia,provinciale,1
cavalcavia,certo,1
cavalcavia,grazia,1
cavalcavia,perduto,1
cavalcavia,vedere,1
cavalcavia,diverso,1
cavalcavia,incomunicabile,1
cavalcavia,uguale,1
cavalcavia,voce,1
cavalcavia,faccia,1
cavalcavia,luogo,1
cavalcavia,estraneo,1
cavalcavia,vano,1
cavalcavia,migliore,1
cavalcavia,peggiore,1
cavalcavia,rapporto,1
altro,cavalcavia,1
bianco,fabbrica,1
bianco,presente,1
bianco,preciso,1
bianco,metropoli,1
bianco,provinciale,1
bianco,certo,1
bianco,grazia,1
bianco,perduto,1
bianco,vedere,1
bianco,diverso,1
bianco,incomunicabile,1
bianco,uguale,1
bianco,voce,1
bianco,faccia,1
bianco,luogo,1
bianco,estraneo,1
bianco,vano,1
bianco,migliore,1
bianco,peggiore,1
bianco,rapporto,1
altro,bianco,1
fabbrica,presente,1
fabbrica,preciso,1
fabbrica,metropoli,1
fabbrica,provinciale,1
certo,fabbrica,1
fabbrica,grazia,1
fabbrica,perduto,1
fabbrica,vedere,1
diverso,fabbrica,1
fabbrica,incomunicabile,1
fabbrica,uguale,1
fabbrica,voce,1
fabbrica,faccia,1
fabbrica,luogo,1
estraneo,fabbrica,1
fabbrica,vano,1
fabbrica,migliore,1
fabbrica,peggiore,1
fabbrica,rapporto,1
altro,fabbrica,1
preciso,presente,1
metropoli,presente,1
presente,provinciale,1
certo,presente,1
grazia,presente,1
perduto,presente,1
presente,vedere,1
diverso,presente,1
incomunicabile,presente,1
presente,uguale,1
presente,voce,1
faccia,presente,1
luogo,presente,1
estraneo,presente,1
presente,vano,1
migliore,presente,1
peggiore,presente,1
presente,rapporto,1
altro,presente,1
metropoli,preciso,1
preciso,provinciale,1
certo,preciso,1
grazia,preciso,1
perduto,preciso,1
preciso,vedere,1
diverso,preciso,1
incomunicabile,preciso,1
preciso,uguale,1
preciso,voce,1
faccia,preciso,1
luogo,preciso,1
estraneo,preciso,1
preciso,vano,1
migliore,preciso,1
peggiore,preciso,1
preciso,rapporto,1
altro,preciso,1
metropoli,provinciale,2
certo,metropoli,1
grazia,metropoli,1
metropoli,perduto,1
metropoli,vedere,1
diverso,metropoli,1
incomunicabile,metropoli,1
metropoli,uguale,1
metropoli,voce,1
faccia,metropoli,1
luogo,metropoli,1
estraneo,metropoli,1
metropoli,vano,1
metropoli,migliore,1
metropoli,peggiore,1
metropoli,rapporto,1
altro,metropoli,1
certo,provinciale,1
grazia,provinciale,1
perduto,provinciale,1
provinciale,vedere,1
diverso,provinciale,1
incomunicabile,provinciale,1
provinciale,uguale,1
provinciale,voce,1
faccia,provinciale,1
luogo,provinciale,1
estraneo,provinciale,1
provinciale,vano,1
migliore,provinciale,1
peggiore,provinciale,1
provinciale,rapporto,1
altro,provinciale,1
certo,grazia,1
certo,perduto,1
certo,vedere,1
certo,diverso,1
certo,incomunicabile,1
certo,uguale,1
certo,voce,1
certo,faccia,1
certo,luogo,1
certo,estraneo,1
certo,vano,1
certo,migliore,1
certo,peggiore,1
certo,rapporto,1
altro,certo,1
grazia,perduto,1
grazia,vedere,1
diverso,grazia,1
grazia,incomunicabile,1
grazia,uguale,1
grazia,voce,1
faccia,grazia,1
grazia,luogo,1
estraneo,grazia,1
grazia,vano,1
grazia,migliore,1
grazia,peggiore,1
grazia,rapporto,1
altro,grazia,1
perduto,vedere,1
diverso,perduto,1
incomunicabile,perduto,1
perduto,uguale,1
perduto,voce,1
faccia,perduto,1
luogo,perduto,1
estraneo,perduto,1
perduto,vano,1
migliore,perduto,1
peggiore,perduto,1
perduto,rapporto,1
altro,perduto,1
diverso,vedere,1
incomunicabile,vedere,1
faccia,vedere,1
luogo,vedere,1
estraneo,vedere,1
vano,vedere,1
migliore,vedere,1
peggiore,vedere,1
rapporto,vedere,1
diverso,incomunicabile,1
diverso,uguale,1
diverso,voce,1
diverso,faccia,1
diverso,luogo,1
diverso,estraneo,1
diverso,vano,1
diverso,migliore,1
diverso,peggiore,1
diverso,rapporto,1
altro,diverso,1
incomunicabile,uguale,1
incomunicabile,voce,1
faccia,incomunicabile,1
incomunicabile,luogo,1
estraneo,incomunicabile,1
incomunicabile,vano,1
incomunicabile,migliore,1
incomunicabile,peggiore,1
incomunicabile,rapporto,1
altro,incomunicabile,1
faccia,uguale,1
luogo,uguale,1
estraneo,uguale,1
uguale,vano,1
migliore,uguale,1
peggiore,uguale,1
rapporto,uguale,1
faccia,voce,1
luogo,voce,1
estraneo,voce,1
vano,voce,1
migliore,voce,1
peggiore,voce,1
rapporto,voce,1
faccia,luogo,1
estraneo,faccia,1
faccia,vano,1
faccia,migliore,1
faccia,peggiore,1
faccia,rapporto,1
altro,faccia,1
estraneo,luogo,1
luogo,vano,1
luogo,migliore,1
luogo,peggiore,1
luogo,rapporto,1
altro,luogo,1
estraneo,vano,1
estraneo,migliore,1
estraneo,peggiore,1
estraneo,rapporto,1
altro,estraneo,1
migliore,vano,1
peggiore,vano,1
rapporto,vano,1
altro,vano,1
migliore,peggiore,1
migliore,rapporto,1
altro,migliore,1
peggiore,rapporto,1
altro,peggiore,1
altro,rapporto,1
città,terreno,1
città,selvatico,1
città,palazzo,1
città,marino,1
arte,città,1
città,incerto,1
città,terzo,1
città,sanguinoso,1
città,sognato,1
città,giovane,1
città,tardo,1
città,età,1
selvatico,terreno,1
palazzo,terreno,1
marino,terreno,1
arte,terreno,1
incerto,terreno,1
donna,terreno,1
terreno,terzo,1
sanguinoso,terreno,1
sognato,terreno,1
giovane,terreno,1
tardo,terreno,1
età,terreno,1
piazza,terreno,1
palazzo,selvatico,1
marino,selvatico,1
arte,selvatico,1
incerto,selvatico,1
donna,selvatico,1
selvatico,terzo,1
sanguinoso,selvatico,1
selvatico,sognato,1
giovane,selvatico,1
selvatico,tardo,1
età,selvatico,1
piazza,selvatico,1
marino,palazzo,1
arte,palazzo,1
incerto,palazzo,1
donna,palazzo,1
palazzo,terzo,1
palazzo,sanguinoso,1
palazzo,sognato,1
giovane,palazzo,1
palazzo,tardo,1
età,palazzo,1
palazzo,piazza,1
arte,marino,1
incerto,marino,1
donna,marino,1
marino,terzo,1
marino,sanguinoso,1
marino,sognato,1
giovane,marino,1
marino,tardo,1
età,marino,1
marino,piazza,1
arte,incerto,1
arte,donna,1
arte,terzo,1
arte,sanguinoso,1
arte,sognato,1
arte,giovane,1
arte,tardo,1
arte,età,1
arte,piazza,1
donna,incerto,1
incerto,terzo,1
incerto,sanguinoso,1
incerto,sognato,1
giovane,incerto,1
incerto,tardo,1
età,incerto,1
incerto,piazza,1
donna,terzo,1
donna,sanguinoso,1
donna,sognato,1
donna,giovane,1
donna,tardo,1
donna,età,1
donna,piazza,1
sanguinoso,terzo,1
sognato,terzo,1
giovane,terzo,1
tardo,terzo,1
età,terzo,1
piazza,terzo,1
sanguinoso,sognato,1
giovane,sanguinoso,1
sanguinoso,tardo,1
età,sanguinoso,1
piazza,sanguinoso,1
giovane,sognato,1
sognato,tardo,1
età,sognato,1
piazza,sognato,1
giovane,tardo,1
età,giovane,1
giovane,piazza,1
età,tardo,1
piazza,tardo,1
età,piazza,1
città,magnanimo,1
alto,città,1
bastione,città,1
città,sesto,1
arco,città,1
città,porticato,1
città,spazio,1
città,passato,3
città,piede,1
città,penzolante,1
città,impiccato,1
città,teso,1
città,ringhiera,2
città,fronte,1
città,percorso,1
città,nuziale,1
città,regina,2
alba,città,1
città,inclinazione,1
città,grondaia,2
città,finestra,3
città,linea,2
cannoniera,città,1
città,improvviso,1
capo,città,1
città,strappo,1
centesima,città,1
adulterino,città,1
città,fascia,1
città,mano,1
città,griglia,1
città,rigato,1
città,intaglio,1
città,svirgoleare,1
alto,magnanimo,1
bastione,magnanimo,1
magnanimo,sesto,1
arco,magnanimo,1
magnanimo,porticato,1
magnanimo,spazio,1
magnanimo,passato,1
magnanimo,piede,1
magnanimo,penzolante,1
impiccato,magnanimo,1
magnanimo,teso,1
magnanimo,ringhiera,1
fronte,magnanimo,1
magnanimo,percorso,1
magnanimo,nuziale,1
magnanimo,regina,1
alba,magnanimo,1
inclinazione,magnanimo,1
grondaia,magnanimo,1
magnanimo,stesso,1
finestra,magnanimo,1
linea,magnanimo,1
cannoniera,magnanimo,1
improvviso,magnanimo,1
capo,magnanimo,1
magnanimo,strappo,1
centesima,magnanimo,1
adulterino,magnanimo,1
fascia,magnanimo,1
magnanimo,mano,1
griglia,magnanimo,1
magnanimo,rigato,1
intaglio,magnanimo,1
magnanimo,svirgoleare,1
alto,bastione,1
alto,sesto,1
alto,arco,1
alto,porticato,1
alto,spazio,1
alto,passato,1
alto,piede,1
alto,penzolante,1
alto,impiccato,1
alto,teso,1
alto,ringhiera,1
alto,fronte,1
alto,percorso,1
alto,nuziale,1
alto,regina,1
alba,alto,1
alto,inclinazione,1
alto,grondaia,1
alto,stesso,1
alto,finestra,1
alto,linea,1
alto,cannoniera,1
alto,improvviso,1
alto,capo,1
alto,strappo,1
alto,centesima,1
adulterino,alto,1
alto,fascia,1
alto,mano,1
alto,griglia,1
alto,rigato,1
alto,intaglio,1
alto,svirgoleare,1
bastione,sesto,1
arco,bastione,1
bastione,porticato,1
bastione,spazio,1
bastione,passato,1
bastione,piede,1
bastione,penzolante,1
bastione,impiccato,1
bastione,teso,1
bastione,ringhiera,1
bastione,fronte,1
bastione,percorso,1
bastione,nuziale,1
bastione,regina,1
alba,bastione,1
bastione,inclinazione,1
bastione,grondaia,1
bastione,stesso,1
bastione,finestra,1
bastione,linea,1
bastione,cannoniera,1
bastione,improvviso,1
bastione,capo,1
bastione,strappo,1
bastione,centesima,1
adulterino,bastione,1
bastione,fascia,1
bastione,mano,1
bastione,griglia,1
bastione,rigato,1
bastione,intaglio,1
bastione,svirgoleare,1
arco,sesto,1
porticato,sesto,1
sesto,spazio,1
passato,sesto,1
piede,sesto,1
penzolante,sesto,1
impiccato,sesto,1
sesto,teso,1
ringhiera,sesto,1
fronte,sesto,1
percorso,sesto,1
nuziale,sesto,1
regina,sesto,1
alba,sesto,1
inclinazione,sesto,1
grondaia,sesto,1
sesto,stesso,1
finestra,sesto,1
linea,sesto,1
cannoniera,sesto,1
improvviso,sesto,1
capo,sesto,1
sesto,strappo,1
centesima,sesto,1
adulterino,sesto,1
fascia,sesto,1
mano,sesto,1
griglia,sesto,1
rigato,sesto,1
intaglio,sesto,1
sesto,svirgoleare,1
arco,porticato,1
arco,spazio,1
arco,passato,1
arco,piede,1
arco,penzolante,1
arco,impiccato,1
arco,teso,1
arco,ringhiera,1
arco,fronte,1
arco,percorso,1
arco,nuziale,1
arco,regina,1
alba,arco,1
arco,inclinazione,1
arco,grondaia,1
arco,stesso,1
arco,finestra,1
arco,linea,1
arco,cannoniera,1
arco,improvviso,1
arco,capo,1
arco,strappo,1
arco,centesima,1
adulterino,arco,1
arco,fascia,1
arco,mano,1
arco,griglia,1
arco,rigato,1
arco,intaglio,1
arco,svirgoleare,1
porticato,spazio,1
passato,porticato,1
piede,porticato,1
penzolante,porticato,1
impiccato,porticato,1
porticato,teso,1
porticato,ringhiera,1
fronte,porticato,1
percorso,porticato,1
nuziale,porticato,1
porticato,regina,1
alba,porticato,1
inclinazione,porticato,1
grondaia,porticato,1
porticato,stesso,1
finestra,porticato,1
linea,porticato,1
cannoniera,porticato,1
improvviso,porticato,1
capo,porticato,1
porticato,strappo,1
centesima,porticato,1
adulterino,porticato,1
fascia,porticato,1
mano,porticato,1
griglia,porticato,1
porticato,rigato,1
intaglio,porticato,1
porticato,svirgoleare,1
passato,spazio,1
piede,spazio,1
penzolante,spazio,1
impiccato,spazio,1
spazio,teso,1
ringhiera,spazio,1
fronte,spazio,1
percorso,spazio,1
nuziale,spazio,1
regina,spazio,1
alba,spazio,1
inclinazione,spazio,1
grondaia,spazio,1
spazio,stesso,1
finestra,spazio,1
linea,spazio,1
cannoniera,spazio,1
improvviso,spazio,1
capo,spazio,1
spazio,strappo,1
centesima,spazio,1
adulterino,spazio,1
fascia,spazio,1
mano,spazio,1
griglia,spazio,1
rigato,spazio,1
intaglio,spazio,1
spazio,svirgoleare,1
passato,piede,1
passato,penzolante,1
impiccato,passato,1
passato,teso,1
passato,ringhiera,2
fronte,passato,1
passato,percorso,1
nuziale,passato,1
passato,regina,2
alba,passato,1
inclinazione,passato,1
grondaia,passato,2
passato,stesso,1
finestra,passato,2
linea,passato,2
cannoniera,passato,1
improvviso,passato,1
capo,passato,1
passato,strappo,1
centesima,passato,1
adulterino,passato,1
fascia,passato,1
mano,passato,1
griglia,passato,1
passato,rigato,1
intaglio,passato,1
passato,svirgoleare,1
penzolante,piede,1
impiccato,piede,1
piede,teso,1
piede,ringhiera,1
fronte,piede,1
percorso,piede,1
nuziale,piede,1
piede,regina,1
alba,piede,1
inclinazione,piede,1
grondaia,piede,1
piede,stesso,1
finestra,piede,1
linea,piede,1
cannoniera,piede,1
improvviso,piede,1
capo,piede,1
piede,strappo,1
centesima,piede,1
adulterino,piede,1
fascia,piede,1
mano,piede,1
griglia,piede,1
piede,rigato,1
intaglio,piede,1
piede,svirgoleare,1
impiccato,penzolante,1
penzolante,teso,1
penzolante,ringhiera,1
fronte,penzolante,1
penzolante,percorso,1
nuziale,penzolante,1
penzolante,regina,1
alba,penzolante,1
inclinazione,penzolante,1
grondaia,penzolante,1
penzolante,stesso,1
finestra,penzolante,1
linea,penzolante,1
cannoniera,penzolante,1
improvviso,penzolante,1
capo,penzolante,1
penzolante,strappo,1
centesima,penzolante,1
adulterino,penzolante,1
fascia,penzolante,1
mano,penzolante,1
griglia,penzolante,1
penzolante,rigato,1
intaglio,penzolante,1
penzolante,svirgoleare,1
impiccato,teso,1
impiccato,ringhiera,1
fronte,impiccato,1
impiccato,percorso,1
impiccato,nuziale,1
impiccato,regina,1
alba,impiccato,1
impiccato,inclinazione,1
grondaia,impiccato,1
impiccato,stesso,1
finestra,impiccato,1
impiccato,linea,1
cannoniera,impiccato,1
impiccato,improvviso,1
capo,impiccato,1
impiccato,strappo,1
centesima,impiccato,1
adulterino,impiccato,1
fascia,impiccato,1
impiccato,mano,1
griglia,impiccato,1
impiccato,rigato,1
impiccato,intaglio,1
impiccato,svirgoleare,1
ringhiera,teso,1
fronte,teso,1
percorso,teso,1
nuziale,teso,1
regina,teso,1
alba,teso,1
inclinazione,teso,1
grondaia,teso,1
stesso,teso,1
finestra,teso,1
linea,teso,1
cannoniera,teso,1
improvviso,teso,1
capo,teso,1
strappo,teso,1
centesima,teso,1
adulterino,teso,1
fascia,teso,1
mano,teso,1
griglia,teso,1
rigato,teso,1
intaglio,teso,1
svirgoleare,teso,1
fronte,ringhiera,1
percorso,ringhiera,1
nuziale,ringhiera,1
regina,ringhiera,2
alba,ringhiera,1
inclinazione,ringhiera,1
grondaia,ringhiera,2
ringhiera,stesso,1
finestra,ringhiera,2
linea,ringhiera,2
cannoniera,ringhiera,1
improvviso,ringhiera,1
capo,ringhiera,1
ringhiera,strappo,1
centesima,ringhiera,1
adulterino,ringhiera,1
fascia,ringhiera,1
mano,ringhiera,1
griglia,ringhiera,1
rigato,ringhiera,1
intaglio,ringhiera,1
ringhiera,svirgoleare,1
fronte,percorso,1
fronte,nuziale,1
fronte,regina,1
alba,fronte,1
fronte,inclinazione,1
fronte,grondaia,1
fronte,stesso,1
finestra,fronte,1
fronte,linea,1
cannoniera,fronte,1
fronte,improvviso,1
capo,fronte,1
fronte,strappo,1
centesima,fronte,1
adulterino,fronte,1
fascia,fronte,1
fronte,mano,1
fronte,griglia,1
fronte,rigato,1
fronte,intaglio,1
fronte,svirgoleare,1
nuziale,percorso,1
percorso,regina,1
alba,percorso,1
inclinazione,percorso,1
grondaia,percorso,1
percorso,stesso,1
finestra,percorso,1
linea,percorso,1
cannoniera,percorso,1
improvviso,percorso,1
capo,percorso,1
percorso,strappo,1
centesima,percorso,1
adulterino,percorso,1
fascia,percorso,1
mano,percorso,1
griglia,percorso,1
percorso,rigato,1
intaglio,percorso,1
percorso,svirgoleare,1
nuziale,regina,1
alba,nuziale,1
inclinazione,nuziale,1
grondaia,nuziale,1
nuziale,stesso,1
finestra,nuziale,1
linea,nuziale,1
cannoniera,nuziale,1
improvviso,nuziale,1
capo,nuziale,1
nuziale,strappo,1
centesima,nuziale,1
adulterino,nuziale,1
fascia,nuziale,1
mano,nuziale,1
griglia,nuziale,1
nuziale,rigato,1
intaglio,nuziale,1
nuziale,svirgoleare,1
alba,regina,1
inclinazione,regina,1
grondaia,regina,2
regina,stesso,1
finestra,regina,2
linea,regina,2
cannoniera,regina,1
improvviso,regina,1
capo,regina,1
regina,strappo,1
centesima,regina,1
adulterino,regina,1
fascia,regina,1
mano,regina,1
griglia,regina,1
regina,rigato,1
intaglio,regina,1
regina,svirgoleare,1
alba,inclinazione,1
alba,grondaia,1
alba,stesso,1
alba,finestra,1
alba,linea,1
alba,cannoniera,1
alba,improvviso,1
alba,capo,1
alba,strappo,1
alba,centesima,1
adulterino,alba,1
alba,fascia,1
alba,mano,1
alba,griglia,1
alba,rigato,1
alba,intaglio,1
alba,svirgoleare,1
grondaia,inclinazione,1
inclinazione,stesso,1
finestra,inclinazione,1
inclinazione,linea,1
cannoniera,inclinazione,1
improvviso,inclinazione,1
capo,inclinazione,1
inclinazione,strappo,1
centesima,inclinazione,1
adulterino,inclinazione,1
fascia,inclinazione,1
inclinazione,mano,1
griglia,inclinazione,1
inclinazione,rigato,1
inclinazione,intaglio,1
inclinazione,svirgoleare,1
grondaia,stesso,1
finestra,grondaia,2
grondaia,linea,2
cannoniera,grondaia,1
grondaia,improvviso,1
capo,grondaia,1
grondaia,strappo,1
centesima,grondaia,1
adulterino,grondaia,1
fascia,grondaia,1
grondaia,mano,1
griglia,grondaia,1
grondaia,rigato,1
grondaia,intaglio,1
grondaia,svirgoleare,1
finestra,stesso,2
linea,stesso,1
cannoniera,stesso,1
improvviso,stesso,1
capo,stesso,1
stesso,strappo,1
centesima,stesso,1
adulterino,stesso,1
fascia,stesso,1
mano,stesso,1
griglia,stesso,1
rigato,stesso,1
intaglio,stesso,1
stesso,svirgoleare,1
finestra,linea,2
cannoniera,finestra,1
finestra,improvviso,1
capo,finestra,1
finestra,strappo,1
centesima,finestra,1
adulterino,finestra,1
fascia,finestra,1
finestra,mano,1
finestra,griglia,1
finestra,rigato,1
finestra,intaglio,1
finestra,svirgoleare,1
cannoniera,linea,1
improvviso,linea,1
capo,linea,1
linea,strappo,1
centesima,linea,1
adulterino,linea,1
fascia,linea,1
linea,mano,1
griglia,linea,1
linea,rigato,1
intaglio,linea,1
linea,svirgoleare,1
cannoniera,improvviso,1
cannoniera,capo,1
cannoniera,strappo,1
cannoniera,centesima,1
adulterino,cannoniera,1
cannoniera,fascia,1
cannoniera,mano,1
cannoniera,griglia,1
cannoniera,rigato,1
cannoniera,intaglio,1
cannoniera,svirgoleare,1
capo,improvviso,1
improvviso,strappo,1
centesima,improvviso,1
adulterino,improvviso,1
fascia,improvviso,1
improvviso,mano,1
griglia,improvviso,1
improvviso,rigato,1
improvviso,intaglio,1
improvviso,svirgoleare,1
capo,strappo,1
capo,centesima,1
adulterino,capo,1
capo,fascia,1
capo,mano,1
capo,griglia,1
capo,rigato,1
capo,intaglio,1
capo,svirgoleare,1
centesima,strappo,1
adulterino,strappo,1
fascia,strappo,1
mano,strappo,1
griglia,strappo,1
rigato,strappo,1
intaglio,strappo,1
strappo,svirgoleare,1
adulterino,centesima,1
centesima,fascia,1
centesima,mano,1
centesima,griglia,1
centesima,rigato,1
centesima,intaglio,1
centesima,svirgoleare,1
adulterino,fascia,1
adulterino,mano,1
adulterino,griglia,1
adulterino,rigato,1
adulterino,intaglio,1
adulterino,svirgoleare,1
fascia,mano,1
fascia,griglia,1
fascia,rigato,1
fascia,intaglio,1
fascia,svirgoleare,1
griglia,mano,1
mano,rigato,1
intaglio,mano,1
mano,svirgoleare,1
griglia,rigato,1
griglia,intaglio,1
griglia,svirgoleare,1
intaglio,rigato,1
rigato,svirgoleare,1
intaglio,svirgoleare,1
città,memorabile,1
città,immagine,1
città,comune,1
città,punto,3
casa,città,2
città,particolare,1
città,modo,1
città,vista,1
città,figura,1
città,musicale,1
città,solo,1
città,notte,1
città,tenda,1
città,edicola,1
bagno,città,1
città,turco,1
caffè,città,1
angolo,città,1
città,porto,1
casella,città,1
città,illustro,1
città,vegetale,1
città,itinerario,1
città,nesso,1
città,istantaneo,1
città,immobile,1
città,ricordato,1
città,scomparve,1
città,terra,1
memorabile,vedere,1
immagine,vedere,1
comune,vedere,1
punto,vedere,1
casa,vedere,1
finestra,vedere,1
particolare,vedere,1
modo,vedere,1
vedere,vista,1
figura,vedere,1
musicale,vedere,1
solo,vedere,1
notte,vedere,1
tenda,vedere,1
edicola,vedere,1
bagno,vedere,1
turco,vedere,1
caffè,vedere,1
angolo,vedere,1
porto,vedere,1
casella,vedere,1
illustro,vedere,1
vedere,vegetale,1
itinerario,vedere,1
nesso,vedere,1
istantaneo,vedere,1
immobile,vedere,1
ricordato,vedere,1
scomparve,vedere,1
terra,vedere,1
immagine,memorabile,1
comune,memorabile,1
memorabile,punto,1
casa,memorabile,1
memorabile,porta,1
finestra,memorabile,1
bellezza,memorabile,1
memorabile,particolare,1
memorabile,modo,1
memorabile,vista,1
figura,memorabile,1
memorabile,musicale,1
memorabile,solo,1
memorabile,notte,1
memorabile,tenda,1
memorabile,torre,1
edicola,memorabile,1
memorabile,statua,1
bagno,memorabile,1
memorabile,turco,1
caffè,memorabile,1
angolo,memorabile,1
memorabile,porto,1
casella,memorabile,1
illustro,memorabile,1
memorabile,vegetale,1
itinerario,memorabile,1
memorabile,nesso,1
istantaneo,memorabile,1
immobile,memorabile,1
memorabile,uguale,1
memorabile,stesso,1
memorabile,ricordato,1
memorabile,scomparve,1
memorabile,terra,1
comune,immagine,1
immagine,punto,1
casa,immagine,1
immagine,porta,1
finestra,immagine,1
bellezza,immagine,1
immagine,particolare,1
immagine,modo,1
immagine,vista,1
figura,immagine,1
immagine,musicale,1
immagine,solo,1
immagine,notte,1
immagine,tenda,1
immagine,torre,1
edicola,immagine,1
immagine,statua,1
bagno,immagine,1
immagine,turco,1
caffè,immagine,1
angolo,immagine,1
immagine,porto,1
casella,immagine,1
illustro,immagine,1
immagine,vegetale,1
immagine,itinerario,1
immagine,nesso,1
immagine,istantaneo,1
immagine,immobile,1
immagine,uguale,1
immagine,stesso,1
immagine,ricordato,1
immagine,scomparve,1
immagine,terra,1
comune,punto,1
casa,comune,1
comune,porta,1
comune,finestra,1
bellezza,comune,1
comune,particolare,1
comune,modo,1
comune,vista,1
comune,figura,1
comune,musicale,1
comune,solo,1
comune,notte,1
comune,tenda,1
comune,torre,1
comune,edicola,1
comune,statua,1
bagno,comune,1
comune,turco,1
caffè,comune,1
angolo,comune,1
comune,porto,1
casella,comune,1
comune,illustro,1
comune,vegetale,1
comune,itinerario,1
comune,nesso,1
comune,istantaneo,1
comune,immobile,1
comune,uguale,1
comune,stesso,1
comune,ricordato,1
comune,scomparve,1
comune,terra,1
casa,punto,2
porta,punto,1
finestra,punto,1
bellezza,punto,1
particolare,punto,1
modo,punto,1
punto,vista,1
figura,punto,1
musicale,punto,1
punto,solo,1
notte,punto,1
punto,tenda,1
punto,torre,1
edicola,punto,1
punto,statua,1
bagno,punto,1
punto,turco,1
caffè,punto,1
angolo,punto,1
porto,punto,1
casella,punto,1
illustro,punto,1
punto,vegetale,1
itinerario,punto,1
nesso,punto,1
istantaneo,punto,1
immobile,punto,1
punto,uguale,1
punto,stesso,1
punto,ricordato,1
punto,scomparve,1
punto,terra,1
casa,porta,1
casa,finestra,1
bellezza,casa,1
casa,particolare,1
casa,modo,1
casa,vista,1
casa,figura,1
casa,musicale,1
casa,solo,1
casa,notte,1
casa,tenda,1
casa,torre,1
casa,edicola,1
casa,statua,1
bagno,casa,1
casa,turco,1
caffè,casa,1
angolo,casa,1
casa,porto,1
casa,casella,1
casa,illustro,1
casa,vegetale,1
casa,itinerario,1
casa,nesso,1
casa,istantaneo,1
casa,immobile,1
casa,uguale,1
casa,stesso,1
casa,ricordato,1
casa,scomparve,1
casa,terra,1
finestra,porta,1
particolare,porta,1
modo,porta,1
porta,vista,1
figura,porta,1
musicale,porta,1
porta,solo,1
notte,porta,1
porta,tenda,1
edicola,porta,1
bagno,porta,1
porta,turco,1
caffè,porta,1
angolo,porta,1
porta,porto,1
casella,porta,1
illustro,porta,1
porta,vegetale,1
itinerario,porta,1
nesso,porta,1
istantaneo,porta,1
immobile,porta,1
porta,stesso,1
porta,ricordato,1
porta,scomparve,1
porta,terra,1
bellezza,finestra,1
finestra,particolare,1
finestra,modo,1
finestra,vista,1
figura,finestra,1
finestra,musicale,1
finestra,solo,1
finestra,notte,1
finestra,tenda,1
finestra,torre,1
edicola,finestra,1
finestra,statua,1
bagno,finestra,1
finestra,turco,1
caffè,finestra,1
angolo,finestra,1
finestra,porto,1
casella,finestra,1
finestra,illustro,1
finestra,vegetale,1
finestra,itinerario,1
finestra,nesso,1
finestra,istantaneo,1
finestra,immobile,1
finestra,uguale,1
finestra,ricordato,1
finestra,scomparve,1
finestra,terra,1
bellezza,particolare,1
bellezza,modo,1
bellezza,vista,1
bellezza,figura,1
bellezza,musicale,1
bellezza,solo,1
bellezza,notte,1
bellezza,tenda,1
bellezza,edicola,1
bagno,bellezza,1
bellezza,turco,1
bellezza,caffè,1
angolo,bellezza,1
bellezza,porto,1
bellezza,casella,1
bellezza,illustro,1
bellezza,vegetale,1
bellezza,itinerario,1
bellezza,nesso,1
bellezza,istantaneo,1
bellezza,immobile,1
bellezza,stesso,1
bellezza,ricordato,1
bellezza,scomparve,1
bellezza,terra,1
modo,particolare,1
particolare,vista,1
figura,particolare,1
musicale,particolare,1
particolare,solo,1
notte,particolare,1
particolare,tenda,1
particolare,torre,1
edicola,particolare,1
particolare,statua,1
bagno,particolare,1
particolare,turco,1
caffè,particolare,1
angolo,particolare,1
particolare,porto,1
casella,particolare,1
illustro,particolare,1
particolare,vegetale,1
itinerario,particolare,1
nesso,particolare,1
istantaneo,particolare,1
immobile,particolare,1
particolare,uguale,1
particolare,stesso,1
particolare,ricordato,1
particolare,scomparve,1
particolare,terra,1
modo,vista,1
figura,modo,1
modo,musicale,1
modo,solo,1
modo,notte,1
modo,tenda,1
modo,torre,1
edicola,modo,1
modo,statua,1
bagno,modo,1
modo,turco,1
caffè,modo,1
angolo,modo,1
modo,porto,1
casella,modo,1
illustro,modo,1
modo,vegetale,1
itinerario,modo,1
modo,nesso,1
istantaneo,modo,1
immobile,modo,1
modo,uguale,1
modo,stesso,1
modo,ricordato,1
modo,scomparve,1
modo,terra,1
figura,vista,1
musicale,vista,1
solo,vista,1
notte,vista,1
tenda,vista,1
torre,vista,1
edicola,vista,1
statua,vista,1
bagno,vista,1
turco,vista,1
caffè,vista,1
angolo,vista,1
porto,vista,1
casella,vista,1
illustro,vista,1
vegetale,vista,1
itinerario,vista,1
nesso,vista,1
istantaneo,vista,1
immobile,vista,1
uguale,vista,1
stesso,vista,1
ricordato,vista,1
scomparve,vista,1
terra,vista,1
figura,musicale,1
figura,solo,1
figura,notte,1
figura,tenda,1
figura,torre,1
edicola,figura,1
figura,statua,1
bagno,figura,1
figura,turco,1
caffè,figura,1
angolo,figura,1
figura,porto,1
casella,figura,1
figura,illustro,1
figura,vegetale,1
figura,itinerario,1
figura,nesso,1
figura,istantaneo,1
figura,immobile,1
figura,uguale,1
figura,stesso,1
figura,ricordato,1
figura,scomparve,1
figura,terra,1
musicale,solo,1
musicale,notte,1
musicale,tenda,1
musicale,torre,1
edicola,musicale,1
musicale,statua,1
bagno,musicale,1
musicale,turco,1
caffè,musicale,1
angolo,musicale,1
musicale,porto,1
casella,musicale,1
illustro,musicale,1
musicale,vegetale,1
itinerario,musicale,1
musicale,nesso,1
istantaneo,musicale,1
immobile,musicale,1
musicale,uguale,1
musicale,stesso,1
musicale,ricordato,1
musicale,scomparve,1
musicale,terra,1
notte,solo,1
solo,tenda,1
solo,torre,1
edicola,solo,1
solo,statua,1
bagno,solo,1
solo,turco,1
caffè,solo,1
angolo,solo,1
porto,solo,1
casella,solo,1
illustro,solo,1
solo,vegetale,1
itinerario,solo,1
nesso,solo,1
istantaneo,solo,1
immobile,solo,1
solo,uguale,1
solo,stesso,1
ricordato,solo,1
scomparve,solo,1
solo,terra,1
notte,tenda,1
notte,torre,1
edicola,notte,1
notte,statua,1
bagno,notte,1
notte,turco,1
caffè,notte,1
angolo,notte,1
notte,porto,1
casella,notte,1
illustro,notte,1
notte,vegetale,1
itinerario,notte,1
nesso,notte,1
istantaneo,notte,1
immobile,notte,1
notte,uguale,1
notte,stesso,1
notte,ricordato,1
notte,scomparve,1
notte,terra,1
tenda,torre,1
edicola,tenda,1
statua,tenda,1
bagno,tenda,1
tenda,turco,1
caffè,tenda,1
angolo,tenda,1
porto,tenda,1
casella,tenda,1
illustro,tenda,1
tenda,vegetale,1
itinerario,tenda,1
nesso,tenda,1
istantaneo,tenda,1
immobile,tenda,1
tenda,uguale,1
stesso,tenda,1
ricordato,tenda,1
scomparve,tenda,1
tenda,terra,1
edicola,torre,1
bagno,torre,1
torre,turco,1
caffè,torre,1
angolo,torre,1
porto,torre,1
casella,torre,1
illustro,torre,1
torre,vegetale,1
itinerario,torre,1
nesso,torre,1
istantaneo,torre,1
immobile,torre,1
stesso,torre,1
ricordato,torre,1
scomparve,torre,1
terra,torre,1
edicola,statua,1
bagno,edicola,1
edicola,turco,1
caffè,edicola,1
angolo,edicola,1
edicola,porto,1
casella,edicola,1
edicola,illustro,1
edicola,vegetale,1
edicola,itinerario,1
edicola,nesso,1
edicola,istantaneo,1
edicola,immobile,1
edicola,uguale,1
edicola,stesso,1
edicola,ricordato,1
edicola,scomparve,1
edicola,terra,1
bagno,statua,1
statua,turco,1
caffè,statua,1
angolo,statua,1
porto,statua,1
casella,statua,1
illustro,statua,1
statua,vegetale,1
itinerario,statua,1
nesso,statua,1
istantaneo,statua,1
immobile,statua,1
statua,stesso,1
ricordato,statua,1
scomparve,statua,1
statua,terra,1
bagno,turco,1
bagno,caffè,1
angolo,bagno,1
bagno,porto,1
bagno,casella,1
bagno,illustro,1
bagno,vegetale,1
bagno,itinerario,1
bagno,nesso,1
bagno,istantaneo,1
bagno,immobile,1
bagno,uguale,1
bagno,stesso,1
bagno,ricordato,1
bagno,scomparve,1
bagno,terra,1
caffè,turco,1
angolo,turco,1
porto,turco,1
casella,turco,1
illustro,turco,1
turco,vegetale,1
itinerario,turco,1
nesso,turco,1
istantaneo,turco,1
immobile,turco,1
turco,uguale,1
stesso,turco,1
ricordato,turco,1
scomparve,turco,1
terra,turco,1
angolo,caffè,1
caffè,porto,1
caffè,casella,1
caffè,illustro,1
caffè,vegetale,1
caffè,itinerario,1
caffè,nesso,1
caffè,istantaneo,1
caffè,immobile,1
caffè,uguale,1
caffè,stesso,1
caffè,ricordato,1
caffè,scomparve,1
caffè,terra,1
angolo,porto,1
angolo,casella,1
angolo,illustro,1
angolo,vegetale,1
angolo,itinerario,1
angolo,nesso,1
angolo,istantaneo,1
angolo,immobile,1
angolo,uguale,1
angolo,stesso,1
angolo,ricordato,1
angolo,scomparve,1
angolo,terra,1
casella,porto,1
illustro,porto,1
porto,vegetale,1
itinerario,porto,1
nesso,porto,1
istantaneo,porto,1
immobile,porto,1
porto,uguale,1
porto,stesso,1
porto,ricordato,1
porto,scomparve,1
porto,terra,1
casella,illustro,1
casella,vegetale,1
casella,itinerario,1
casella,nesso,1
casella,istantaneo,1
casella,immobile,1
casella,uguale,1
casella,stesso,1
casella,ricordato,1
casella,scomparve,1
casella,terra,1
illustro,vegetale,1
illustro,itinerario,1
illustro,nesso,1
illustro,istantaneo,1
illustro,immobile,1
illustro,uguale,1
illustro,stesso,1
illustro,ricordato,1
illustro,scomparve,1
illustro,terra,1
itinerario,vegetale,1
nesso,vegetale,1
istantaneo,vegetale,1
immobile,vegetale,1
uguale,vegetale,1
stesso,vegetale,1
ricordato,vegetale,1
scomparve,vegetale,1
terra,vegetale,1
itinerario,nesso,1
istantaneo,itinerario,1
immobile,itinerario,1
itinerario,uguale,1
itinerario,stesso,1
itinerario,ricordato,1
itinerario,scomparve,1
itinerario,terra,1
istantaneo,nesso,1
immobile,nesso,1
nesso,uguale,1
nesso,stesso,1
nesso,ricordato,1
nesso,scomparve,1
nesso,terra,1
immobile,istantaneo,1
istantaneo,uguale,1
istantaneo,stesso,1
istantaneo,ricordato,1
istantaneo,scomparve,1
istantaneo,terra,1
immobile,uguale,1
immobile,stesso,1
immobile,ricordato,1
immobile,scomparve,1
immobile,terra,1
ricordato,uguale,1
scomparve,uguale,1
terra,uguale,1
ricordato,stesso,1
scomparve,stesso,1
stesso,terra,1
ricordato,scomparve,1
ricordato,terra,1
scomparve,terra,1
